id,title,material,description,image
1,Plastic Bottle Lamp,Plastic,Turn an old plastic bottle into a creative decorative lamp for your room.,plastic_lamp.jpg
2,Plastic Planter,Plastic,Cut and paint an old plastic bottle to create an eco-friendly planter.,plastic_planter.jpg
3,Plastic Bird Feeder,Plastic,Reuse a plastic bottle to make a simple bird feeder for your balcony or garden.,plastic_birdfeeder.jpg
4,Plastic Pen Holder,Plastic,Use a plastic bottle bottom to create a colorful desk pen holder.,plastic_penholder.jpg
5,Plastic Organizer,Plastic,Turn waste plastic bottles into small hanging organizers.,plastic_organizer.jpg
6,Bottle Vertical Garden,Plastic,Reuse multiple plastic bottles to create a compact vertical garden.,plastic_planti.jpg
7,Bottle Hanging Garden,Plastic,Transform used bottles into hanging planters for small spaces.,plastic_plant.jpg
8,Bottle Storage Organizer,Plastic,Use cut plastic bottles to organize small household and stationery items.,plastic_organizer.jpg
9,Bottle Wall Decor,Plastic,Turn waste bottles into creative wall decorations with paint and simple craft materials.,plastic_lamper.jpg
10,Bottle Drip Irrigation,Plastic,Reuse a plastic bottle to create a simple slow-drip watering system for plants.,plastic_planter.jpg
11,Cloth Tote Bag,Cloth,Sew an old T-shirt or unused cloth into a reusable shopping tote bag.,cloth_tote.jpg
12,Cloth Rug,Cloth,Turn old fabric strips into a colorful handmade rug.,cloth_cushion.webp
13,Sock Puppet,Cloth,Transform an old sock into a fun handmade puppet for kids.,cloth_puppet.jpg
14,T-Shirt Cushion Cover,Cloth,Reuse an old T-shirt to create a colorful cushion cover.,cloth_cushion.webp
15,Denim Organizer,Cloth,Convert old jeans into useful pockets for organizing stationery and small items.,cloth_tote.jpg
16,Old Jeans Planter,Cloth,Reuse denim fabric from old jeans to create a decorative plant holder.,cloth_tote1.jpg
17,Cloth Wall Hanging,Cloth,Use leftover fabric pieces to create a creative handmade wall hanging.,cloth_cushion.webp
18,Newspaper Basket,Paper,Roll and weave old newspapers to create a useful storage basket.,paper_basket.jpg
19,Paper Gift Bag,Paper,Turn old newspapers or craft paper into reusable handmade gift bags.,paper_giftbag.jpg
20,Paper Wall Art,Paper,Create decorative wall art using old newspapers and recycled paper.,paper_wallart.jpg
21,Paper Flowers,Paper,Transform old paper and newspapers into colorful decorative flowers.,paper_wallart1.jpg
22,Newspaper Pen Stand,Paper,Roll newspaper strips and shape them into a creative desk pen stand.,paper_basket.jpg
23,Paper Storage Box,Paper,Reuse thick paper or old cardboard sheets to make a simple storage box.,cardboard_frame.jpg
24,Tyre Garden Chair,Rubber,Turn an old tyre into a strong and creative garden chair.,tyre_chair.jpg
25,Tyre Planter,Rubber,Paint an old tyre and transform it into a colorful garden planter.,tyre_planter.jpg
26,Tyre Pet Bed,Rubber,Reuse an old tyre to create a comfortable circular bed for a pet.,tyre_petbed.jpg
27,Tyre Garden Table,Rubber,Stack or modify old tyres to create a creative outdoor garden table.,tyre_chair1.jpg
28,Tyre Garden Decor,Rubber,Use old tyres as colorful decorative elements around a garden or outdoor space.,tyre_planter1.jpg
29,Tin Can Candle,Tin,Transform an old tin can into a decorative candle holder.,tin_candle.webp
30,Tin Can Planter,Tin,Paint an old tin can and reuse it as a small flower or herb planter.,tin_planter.jpg
31,Coconut Shell Bowl,Coconut,Polish a coconut shell and reuse it as a natural decorative bowl.,coconut_lamp.jpg
32,Coconut Shell Plant Holder,Coconut,Use coconut shell halves as small natural plant holders.,coconut_pots.jpg
33,Coconut Shell Lamp,Coconut,Turn a coconut shell into a unique natural decorative lamp.,coconut_lamp.jpg
34,Cardboard Wall Frame,Cardboard,Reuse waste cardboard to create a decorative wall photo frame.,cardboard_frame1.jpg
35,Cardboard Lippen Art,Cardboard,Create decorative traditional-style wall art using recycled cardboard.,cardboard_lippenart.jpg
36,Cardboard Diya Holder,Cardboard,Reuse cardboard to create a decorative diya or festival wall holder.,cardboard_frame.jpg
37,Bottle Seed Starter,Plastic,Reuse the bottom of a plastic bottle as a small seed starter for growing plants.,plastic_planter.jpg
38,Bottle Herb Planter,Plastic,Turn an old bottle into a compact planter for growing small herbs.,plastic_planter.jpg
39,Bottle Hanging Organizer,Plastic,Use cut plastic bottles to create simple hanging storage for small items.,plastic_organizer.jpg
40,Bottle Bird Feeder,Plastic,Create a simple bird feeder from an old plastic bottle for a balcony or garden.,plastic_birdfeeder.jpg
41,Plastic Desk Organizer,Plastic,Reuse plastic containers to organize pens stationery and small desk items.,plastic_organizer.jpg
43,cloth Storage Pocket,Cloth tote ,Reuse the pocket section of old jeans as a handy wall or desk organizer.,cloth_tote1.jpg
44,Denim Plant Holder,Cloth,Use old denim fabric to create a decorative cover for a small plant pot.,cloth_tote.jpg
45,Fabric Coaster Set,Cloth,Turn leftover fabric pieces into reusable handmade coasters.,cloth_cushion.webp
46,Cloth Photo Frame Decor,Cloth,Use colorful fabric scraps to decorate a simple photo frame.,cloth_cushion1.webp
47,Newspaper Flower,Paper,Turn old newspaper sheets into decorative handmade flowers.,paper_wallart1.jpg
48,Newspaper Photo Frame,Paper,Reuse newspaper rolls to create a creative photo frame.,paper_wallart.jpg
49,Paper Wall Decoration,Paper,Create simple decorative wall pieces using old paper and newspaper.,paper_wallart2.jpg
50,Newspaper Storage Basket,Paper,Reuse rolled newspaper strips to create a useful storage basket.,paper_basket3.jpg
51,Paper Gift Basket,Paper,Turn old paper and newspapers into a creative reusable gift basket.,paper_giftbag.jpg
52,Tyre Hanging Planter,Rubber,Reuse an old tyre as a hanging planter for an outdoor garden space.,tyre_planter.jpg
53,Tyre Outdoor Seat,Rubber,Transform an old tyre into a simple cushioned outdoor seat.,tyre_chair.jpg
54,Tyre Plant Stand,Rubber,Use an old tyre as a raised stand for displaying garden plants.,tyre_planter.jpg
55,Tin Can Herb Pot,Tin,Reuse an old tin can as a small herb or flower planter.,tin_planter.jpg
56,Tin Can Storage Holder,Tin,Decorate an old tin can and use it to store stationery or small household items.,tin_planter1.jpg
57,Tin Can Desk Organizer,Tin,Turn an empty tin can into a simple organizer for pens and stationery.,tin_candle.webp
58,Tin Can Garden Decor,Tin,Paint old tin cans and use them as creative garden decorations.,tin_planter.jpg
59,Coconut Shell Planter,Coconut,Reuse a coconut shell as a small natural planter for decorative plants.,coconut_pots.jpg
60,Coconut Shell Hanging Decor,Coconut,Turn coconut shells into natural hanging decorations for your home or garden.,coconut_lamp.jpg
61,Coconut Shell Bowl Decor,Coconut,Polish a coconut shell and use it as a natural decorative bowl.,coconut_lamp.jpg
62,Coconut Shell Plant Pot,Coconut,Use a cleaned coconut shell as a compact plant pot for small plants.,coconut_pots.jpg
63,Cardboard Desk Organizer,Cardboard,Reuse waste cardboard to create a simple organizer for your study table.,cardboard_frame.jpg
64,Cardboard Storage Box,Cardboard,Turn old cardboard sheets into a useful storage box for household items.,cardboard_frame.jpg
65,Cardboard Photo Decor,Cardboard,Reuse cardboard to create decorative photo and wall pieces.,cardboard_frame.jpg
66,Cardboard Wall Art,Cardboard,Create creative wall decoration using recycled cardboard pieces.,cardboard_lippenart.jpg
67,Cardboard Craft Frame,Cardboard,Turn waste cardboard into a handmade decorative frame.,cardboard_frame.jpg
68,Glass Jar Planter,Glass,Reuse an old glass jar as a small planter for herbs or decorative plants.,glass_jar_planter.jpg
69,Glass Jar Candle Holder,Glass,Turn an empty glass jar into a simple decorative candle holder.,glass_jar_candle.jpg
70,Glass Jar Storage,Glass,Reuse glass jars to store spices buttons craft items or small household objects.,glass_jar_storage.jpg
71,Glass Bottle Vase,Glass,Reuse an old glass bottle as a decorative flower vase.,glass_bottle_vase.jpg
72,Glass Jar Lantern,Glass,Decorate an old glass jar and turn it into a simple home lantern.,glass_jar_lantern.jpg
73,Glass Bottle Decor,Glass,Use old glass bottles as creative decorative pieces for your home.,glass_bottle_decor.jpg
74,Metal Can Planter,Metal,Reuse an empty metal can as a small planter for flowers or herbs.,metal_can_planter.jpg
75,Metal Can Desk Organizer,Metal,Clean and decorate an old metal can to organize pens and stationery.,metal_can_organizer.jpg
76,Metal Can Storage,Metal,Reuse metal cans to store small household or craft items.,metal_can_organizer.jpg
77,Metal Lid Wall Art,Metal,Use old metal lids to create creative wall decoration.,metal_lid_wall_art.jpg
78,Metal Can Bird Feeder,Metal,Reuse a suitable metal can to create a simple bird feeder.,metal_can_bird_feeder.jpg
79,Metal Can Lantern,Metal,Turn an old metal can into a decorative lantern with safe punched patterns.,metal_can_lantern.jpg
80,Wooden Box Planter,Wood,Reuse an old wooden box as a rustic planter for small plants.,wooden_box_planter.jpg
81,Wooden Crate Storage,Wood,Turn an old wooden crate into useful storage for books or household items.,wooden_crate_storage.jpg
82,Wooden Crate Shelf,Wood,Reuse a wooden crate as a simple wall shelf for decoration or storage.,wooden_crate_shelf.jpg
83,Wooden Scrap Photo Frame,Wood,Use leftover wooden pieces to create a simple handmade photo frame.,wooden_photo_frame.jpg
84,Wooden Scrap Organizer,Wood,Reuse small wooden scraps to make a desk organizer for stationery.,wooden_scrap_organizer.jpg
